[{"_allAttributes":{"publicAttributes":[],"privateAttributes":[{"name":"greeting","memberType":0,"location":{"uri":"file:///c%3A/Users/aksha/OneDrive/Desktop/Folders/Salesforce/HelloWorldLightningWebComponent/force-app/main/default/lwc/helloWorld/helloWorld.js","range":{"start":{"line":3,"character":4},"end":{"line":3,"character":23}}},"detail":"LWC custom attribute"}]},"_properties":null,"_methods":[{"name":"changeHandler","type":"method","loc":{"start":{"line":5,"column":8},"end":{"line":7,"column":9}}}],"file":"c:/Users/aksha/OneDrive/Desktop/Folders/Salesforce/HelloWorldLightningWebComponent/force-app/main/default/lwc/helloWorld/helloWorld.js","metadata":{"decorators":[],"classMembers":[{"name":"greeting","type":"property","value":{"type":"string","value":"World"},"loc":{"start":{"line":4,"column":4},"end":{"line":4,"column":23}}},{"name":"changeHandler","type":"method","loc":{"start":{"line":5,"column":8},"end":{"line":7,"column":9}}}],"declarationLoc":{"start":{"line":3,"column":0},"end":{"line":9,"column":1}},"doc":"","exports":[{"type":"ExportDefaultDeclaration"}]},"updatedAt":"2024-06-13T19:38:14.695Z"}]